student_id,first_name,last_name,age,email,phone_number,address,city,state,course
1,Beltran,Moulsdale,21,bmoulsdale0@infoseek.co.jp,538-605-8279,34 Nobel Junction,Mjamaoué,,Medicine
2,Briny,Vince,21,bvince1@infoseek.co.jp,966-805-0384,52 Logan Junction,Wangkung,,Medicine
3,Tobie,Everley,24,teverley2@example.com,885-302-3524,522 Dovetail Way,Íquira,,Science
4,Griselda,Rulten,21,grulten3@nhs.uk,507-562-3123,12253 Debs Crossing,Mathba,,Business
5,Lilian,O'Concannon,25,loconcannon4@paypal.com,236-154-1851,78360 Texas Court,Xincun,,Arts
6,Jewelle,Plumstead,18,jplumstead5@nba.com,100-122-1204,0 Harbort Street,Jieyang,,Business
7,Darlene,Ellgood,24,dellgood6@disqus.com,498-161-8702,6 Green Parkway,Toulon,Provence-Alpes-Côte d'Azur,Science
8,Lawton,Paylor,25,lpaylor7@over-blog.com,565-693-4912,1966 Tennessee Point,Xinquan,,Arts
9,Starlene,Lowton,20,slowton8@hhs.gov,830-979-7423,3 Lerdahl Court,Merefa,,Medicine
10,Chandler,Ellerington,22,cellerington9@amazon.co.jp,130-314-6588,26460 Schurz Pass,Bereeda,,Science
11,Seline,Silby,19,ssilbya@samsung.com,442-809-4791,43982 Hintze Way,Hexi,,Medicine
12,Boothe,Sollam,24,bsollamb@microsoft.com,426-184-5171,00 Novick Lane,Ręczno,,Engineering
13,Jerrie,Thams,24,jthamsc@buzzfeed.com,779-300-4269,9 Dorton Alley,Ketapang,,Science
14,Allister,Labden,19,alabdend@arstechnica.com,449-216-7358,9 Jenna Junction,Xiaoqi,,Arts
15,Stephen,Cloy,19,scloye@qq.com,573-288-9238,9492 Nova Circle,Bang Rak,,Arts
16,Ward,Haking,22,whakingf@google.nl,516-297-8442,0260 Farwell Crossing,Sanying,,Engineering
17,Felipe,Deverose,24,fdeveroseg@oaic.gov.au,209-316-3568,42764 Gale Way,Zhongyuanlu,,Business
18,Norrie,Clutton,19,ncluttonh@baidu.com,431-681-8500,5 Oriole Park,Nantian,,Arts
19,Griz,Bartoleyn,25,gbartoleyni@nih.gov,217-260-7459,81017 Burning Wood Circle,Bent Jbaïl,,Business
20,Ulrikaumeko,Calendar,19,ucalendarj@nifty.com,418-115-7289,86138 Porter Street,Abbottābād,,Science
21,Reina,Proske,22,rproskek@surveymonkey.com,664-877-8799,10 Farmco Junction,Skorogoszcz,,Arts
22,Melli,Blaksland,25,mblakslandl@blogger.com,246-710-0086,8153 Golden Leaf Lane,Ibotirama,,Arts
23,Sylvia,Huntingford,24,shuntingfordm@tuttocitta.it,664-643-9271,6 Lighthouse Bay Circle,Ropa,,Science
24,Tessi,Pallatina,21,tpallatinan@foxnews.com,714-805-1238,64 Farmco Hill,Kanoni,,Business
25,Emelen,Scamaden,24,escamadeno@ning.com,618-554-3356,174 Bluejay Plaza,Dayr as Sūdān,,Engineering
26,Rosana,Elfitt,19,relfittp@so-net.ne.jp,121-227-2980,15063 Texas Place,Huangshi,,Medicine
27,Teodor,Ville,20,tvilleq@bbb.org,282-211-8283,9 Jana Lane,Srebrenik,,Engineering
28,Bartel,Dungate,20,bdungater@springer.com,506-802-3813,3518 Ruskin Crossing,San Juan,,Engineering
29,Darryl,Paten,20,dpatens@ted.com,769-592-7641,63673 Mosinee Parkway,Saint-Denis,Île-de-France,Science
30,Rhetta,Troak,21,rtroakt@ibm.com,191-258-9777,079 Nevada Street,Cirahab,,Arts
31,Berty,Speak,21,bspeaku@rambler.ru,750-832-7904,97 Westridge Way,Gyangkar,,Science
32,Leeland,Pinkerton,24,lpinkertonv@squidoo.com,316-576-1600,7299 West Street,Tojal,Porto,Arts
33,Orsa,Cullity,18,ocullityw@webmd.com,530-847-4765,45711 Barnett Pass,Si That,,Business
34,Chico,Eul,23,ceulx@macromedia.com,203-905-9309,7635 Farragut Parkway,Rovira,,Science
35,Murdock,Alabaster,21,malabastery@sciencedirect.com,236-469-2988,59607 Independence Road,Seversk,,Arts
36,Nancie,Wylie,24,nwyliez@unc.edu,505-844-7504,81 Vernon Hill,Monamon,,Engineering
37,Neil,Ebbs,23,nebbs10@dyndns.org,423-426-5221,836 Arizona Avenue,Monze,,Business
38,Torie,Tine,20,ttine11@umich.edu,110-470-4170,0964 Larry Way,Kon Tum,,Business
39,Erda,Atcock,19,eatcock12@tinypic.com,517-454-2541,423 Dexter Trail,Lekas,,Business
40,Stacee,Giacomuzzo,18,sgiacomuzzo13@kickstarter.com,991-916-2047,2 Sherman Way,Qianguo,,Business
41,Cale,Skyppe,18,cskyppe14@un.org,440-631-5089,23 John Wall Circle,Cầu Gồ,,Engineering
42,Tadeo,Borgnet,23,tborgnet15@ow.ly,372-455-4082,214 Vernon Center,Xilin,,Science
43,Dixie,Comettoi,20,dcomettoi16@phoca.cz,169-491-8797,127 Elmside Trail,Shalkar,,Medicine
44,Peder,Clair,24,pclair17@ehow.com,533-555-0676,968 Southridge Circle,Laxiong,,Business
45,Teddi,Thacke,18,tthacke18@ask.com,418-325-3050,67 Memorial Junction,Guintubhan,,Science
46,Cyrill,Beden,22,cbeden19@clickbank.net,170-316-6099,87746 Sherman Place,Mekon,,Arts
47,Ludvig,Stapleford,22,lstapleford1a@flickr.com,799-346-5880,0549 Manitowish Plaza,Pau,Aquitaine,Business
48,Shell,Margaritelli,18,smargaritelli1b@google.co.jp,530-479-6951,96 Haas Alley,Hat Yai,,Business
49,Hewie,Frangleton,18,hfrangleton1c@rakuten.co.jp,710-437-7308,07 Thierer Court,Huangjiakou,,Engineering
50,Ignace,Prydden,19,iprydden1d@sun.com,914-866-6196,6662 Hovde Junction,Miaoxi,,Engineering
51,Granthem,Hayter,18,ghayter1e@hugedomains.com,576-274-0609,3 Lakewood Road,El Benque,,Arts
52,Ernst,Wackly,22,ewackly1f@diigo.com,902-138-9840,03080 Bluejay Trail,Bořitov,,Arts
53,Westley,Paolozzi,19,wpaolozzi1g@bloglovin.com,793-331-4943,08267 Garrison Way,Thessalon,Ontario,Science
54,Tedie,Gatfield,22,tgatfield1h@state.tx.us,455-389-4519,1329 Manitowish Hill,Skála,,Arts
55,Ivy,Habberjam,22,ihabberjam1i@odnoklassniki.ru,727-281-5537,3677 New Castle Lane,Porsgrunn,Telemark,Arts
56,Illa,Spellessy,22,ispellessy1j@google.co.uk,188-270-0343,57292 Ryan Crossing,Grevená,,Engineering
57,Jerrie,Gossan,23,jgossan1k@washingtonpost.com,423-904-5913,2 Monument Junction,Jabon,,Business
58,Jeno,Hendin,19,jhendin1l@springer.com,918-595-2130,84234 Porter Parkway,Tulsa,Oklahoma,Business
59,Ruggiero,Haugen,20,rhaugen1m@reference.com,968-378-2392,651 Blackbird Way,Chigang,,Science
60,Chicky,Edwin,22,cedwin1n@blogs.com,250-438-2594,51 Erie Point,Guaçuí,,Medicine
61,Dolph,Spennock,22,dspennock1o@macromedia.com,522-690-8330,65 Westport Place,Hägersten,Stockholm,Medicine
62,Winonah,Thewles,22,wthewles1p@intel.com,120-636-2554,041 Little Fleur Road,Batuan,,Science
63,Alice,Tregidgo,19,atregidgo1q@photobucket.com,799-527-9923,43 Maple Wood Parkway,Noormarkku,,Science
64,Naoma,Broadis,19,nbroadis1r@rakuten.co.jp,549-427-9295,69 Hanover Drive,Duwakbuter,,Science
65,Netta,Clifford,20,nclifford1s@tamu.edu,985-460-8713,063 Fisk Place,Jiamachi,,Business
66,Simone,Hourigan,24,shourigan1t@addthis.com,291-299-5081,5587 Dorton Circle,Pacaraos,,Engineering
67,Melantha,Chettle,21,mchettle1u@over-blog.com,877-704-6308,16 Kensington Place,Orocué,,Medicine
68,Laure,Cadogan,21,lcadogan1v@hc360.com,908-210-7251,0 Pine View Terrace,Shinan,,Science
69,Magnum,Dellenbrook,25,mdellenbrook1w@opera.com,219-344-7346,6943 Brickson Park Avenue,Garça,,Business
70,Pierson,Bugdale,21,pbugdale1x@discuz.net,439-453-5934,5820 Sycamore Way,Sarrat,,Science
71,Nevsa,Betchley,18,nbetchley1y@istockphoto.com,720-873-9744,5790 Lakewood Gardens Place,Lesnoy,,Engineering
72,Lucian,De Caroli,21,ldecaroli1z@hhs.gov,487-419-7077,878 Hayes Park,Youghal,,Arts
73,Shaylah,Towle,22,stowle20@biglobe.ne.jp,312-824-7263,0551 Crowley Way,Bobota,,Business
74,Cassy,Lantry,25,clantry21@dell.com,831-100-2069,78356 Dryden Drive,Újezd,,Medicine
75,Sancho,Trahearn,21,strahearn22@army.mil,631-176-3812,55 Burning Wood Lane,Palaiochóri,,Arts
76,Gennie,Dies,22,gdies23@mac.com,341-649-7476,765 Crest Line Lane,Vyaz’ma,,Business
77,Hi,Tomeo,24,htomeo24@globo.com,365-246-5332,93 Walton Road,Sevaster,,Arts
78,Ileane,Hudel,19,ihudel25@privacy.gov.au,899-660-5247,60262 Meadow Valley Plaza,Ar Ruţbah,,Medicine
79,Jodi,Newbery,23,jnewbery26@wordpress.org,155-929-5355,81 Logan Street,Baiguan,,Business
80,Neil,Tessington,21,ntessington27@vk.com,323-957-4283,4580 Anhalt Alley,Janów,,Science
81,Sherm,Askaw,23,saskaw28@businesswire.com,195-399-5154,1 Roth Junction,Działoszyce,,Engineering
82,Salomone,Ricciardo,23,sricciardo29@newsvine.com,713-704-0920,8 Waxwing Crossing,Olenyok,,Engineering
83,Pam,Gotecliffe,21,pgotecliffe2a@dion.ne.jp,158-504-9537,76171 Jackson Road,Konduga,,Business
84,Dione,Bolwell,20,dbolwell2b@opera.com,533-137-2843,74 Rockefeller Point,Luleå,Norrbotten,Arts
85,Gilligan,Jillitt,23,gjillitt2c@blogspot.com,719-224-3927,005 Linden Circle,Hradec nad Moravici,,Engineering
86,Claresta,Mapson,21,cmapson2d@goodreads.com,305-491-9266,478 Redwing Road,Lameiras,Lisboa,Engineering
87,Aluino,Gebb,18,agebb2e@redcross.org,640-191-5479,0335 Almo Plaza,Warwick,Québec,Business
88,Eugen,Tine,24,etine2f@bbb.org,180-805-9192,1 Magdeline Park,Candi Prambanan,,Medicine
89,Tucky,Sellner,21,tsellner2g@foxnews.com,696-751-7082,9 Buhler Pass,Hamilton,,Arts
90,Scotti,Barrett,24,sbarrett2h@tripadvisor.com,128-572-5024,35854 Hauk Point,Abaeté,,Engineering
91,Melissa,Colton,23,mcolton2i@gizmodo.com,486-431-6188,6 Brentwood Court,Puyang,,Engineering
92,Mischa,McArley,24,mmcarley2j@sogou.com,591-937-0735,665 Towne Terrace,Morris,Manitoba,Science
93,Feodor,Clancy,23,fclancy2k@npr.org,326-466-8151,8 Vidon Center,Boromlya,,Arts
94,Ryann,Dellenbroker,18,rdellenbroker2l@vkontakte.ru,535-765-2285,214 Garrison Court,Louveira,,Science
95,Ransom,Olpin,21,rolpin2m@clickbank.net,871-473-8598,9472 Muir Park,Pyrzyce,,Business
96,Ariella,Whiteman,20,awhiteman2n@seesaa.net,511-975-3212,1 Golf Course Lane,Gharavŭtí,,Medicine
97,Reba,Everist,19,reverist2o@nps.gov,225-283-2643,2 Reinke Avenue,Pinheiral,Porto,Engineering
98,Lezley,Gaudin,22,lgaudin2p@wikispaces.com,958-778-1526,98553 Hooker Alley,Longwu,,Medicine
99,Lon,Horney,21,lhorney2q@yale.edu,592-304-8165,90 Lunder Junction,Zhangpu,,Science
100,Julie,Portugal,21,jportugal2r@netscape.com,570-787-1881,1927 Oak Valley Lane,Pitangueiras,,Science
101,Drud,Eschelle,25,deschelle2s@go.com,398-773-6913,7 Vernon Drive,Abuyog,,Business
102,Izak,O'Henehan,24,iohenehan2t@google.de,842-312-5765,64607 Northland Drive,Quitilipi,,Engineering
103,Iona,Elcoate,23,ielcoate2u@microsoft.com,359-445-5178,77408 Little Fleur Avenue,Banjar Kertasari,,Medicine
104,Kenon,Kennett,24,kkennett2v@uiuc.edu,367-981-8444,82 Ridge Oak Road,Rachanie,,Engineering
105,Neall,Carbry,20,ncarbry2w@patch.com,291-599-0854,53 Division Avenue,Lanjaghbyur,,Science
106,Aylmer,Shilliday,24,ashilliday2x@gov.uk,355-847-1535,3 Erie Way,Sanqu,,Arts
107,Valencia,Craise,25,vcraise2y@reverbnation.com,361-700-8312,39 Myrtle Center,Mölndal,Västra Götaland,Arts
108,Othilie,Lovering,24,olovering2z@reference.com,395-473-5733,62 Havey Point,Balaogan,,Arts
109,Andromache,Daudray,18,adaudray30@cmu.edu,285-864-8816,54 Harbort Drive,Ras al-Khaimah,,Arts
110,Holly-anne,Van der Beken,21,hvanderbeken31@admin.ch,735-762-9505,96 Sullivan Place,Boac,,Arts
111,Cari,Laimable,19,claimable32@army.mil,296-484-6675,7338 Loeprich Park,Man,,Engineering
112,Sarajane,Simonsen,22,ssimonsen33@netscape.com,618-567-5204,102 Dawn Court,Lajeosa,Coimbra,Medicine
113,Gabriellia,McGeneay,22,gmcgeneay34@histats.com,169-722-1317,43 Dawn Junction,Buenavista,,Science
114,Cindee,Zecchi,18,czecchi35@boston.com,452-405-9938,31 Southridge Street,Larkird,,Medicine
115,Bronson,Runciman,21,brunciman36@amazon.com,723-152-6993,79 Reinke Parkway,Chongjin,,Medicine
116,Estelle,Scholcroft,25,escholcroft37@storify.com,223-181-2513,36 Arapahoe Terrace,Arujá,,Engineering
117,Eyde,Benninck,23,ebenninck38@ameblo.jp,466-763-1225,8 1st Park,Phon Charoen,,Engineering
118,Lay,Jimson,19,ljimson39@umich.edu,983-536-7927,2059 Autumn Leaf Street,Tinambacan,,Engineering
119,Aurora,O'Downe,25,aodowne3a@cmu.edu,336-613-8437,4667 Buena Vista Pass,Nesterov,,Arts
120,Frederigo,Sinclaire,22,fsinclaire3b@tripadvisor.com,611-887-4000,490 Marquette Lane,Suna,,Business
121,Loutitia,McKall,19,lmckall3c@biblegateway.com,770-281-6848,4865 Manley Street,Gostagayevskaya,,Arts
122,Pam,Height,22,pheight3d@kickstarter.com,836-583-6098,65 Prentice Drive,Magnitka,,Business
123,Britta,Yersin,18,byersin3e@cargocollective.com,288-212-7957,646 Katie Plaza,Candelaria,,Science
124,Thaxter,Seelbach,24,tseelbach3f@photobucket.com,738-281-5957,221 Drewry Hill,’Unābah,,Business
125,Klemens,Fritschmann,21,kfritschmann3g@rediff.com,285-250-0996,3555 Fairfield Alley,Ōtsu-shi,,Business
126,Sindee,Finding,18,sfinding3h@npr.org,533-604-0667,59111 Columbus Avenue,Gândara,Viseu,Arts
127,Kaitlin,Pelchat,23,kpelchat3i@163.com,557-572-4822,30962 Stone Corner Drive,Trindade,,Science
128,Tabor,Cuckson,24,tcuckson3j@globo.com,789-234-7852,01 Graceland Street,El Coco,,Engineering
129,Christian,Overil,24,coveril3k@engadget.com,541-843-4830,62915 Vermont Court,Bergen,Hordaland,Business
130,Greer,Bool,19,gbool3l@bing.com,586-367-8067,45 Johnson Circle,Puor,,Arts
131,Tirrell,Brose,24,tbrose3m@hubpages.com,611-378-9776,59 Bartillon Park,Linshui,,Business
132,Lotty,Presley,18,lpresley3n@java.com,500-706-6812,6836 Mockingbird Plaza,Laiyang,,Science
133,Jolyn,Villar,22,jvillar3o@ehow.com,430-589-1242,5858 Leroy Crossing,Lüjiabao,,Engineering
134,Torr,Bengall,23,tbengall3p@tuttocitta.it,545-338-1327,87 Pleasure Court,Luleå,Norrbotten,Arts
135,Tiena,Folliott,23,tfolliott3q@i2i.jp,474-667-8406,0 Loeprich Alley,Nashtā Rūd,,Science
136,Eldon,Hargrave,21,ehargrave3r@ebay.com,271-261-9175,7573 Cottonwood Junction,Yinchuan,,Business
137,Tawsha,Scamaden,18,tscamaden3s@myspace.com,863-767-1112,97238 Victoria Trail,Puutura,,Business
138,Alethea,Buffy,23,abuffy3t@over-blog.com,782-812-9778,0 Bobwhite Court,Al Khānkah,,Business
139,Griffin,Margrem,23,gmargrem3u@stanford.edu,129-240-6156,017 Longview Terrace,Taochuan,,Medicine
140,Zacharias,Gabbitas,24,zgabbitas3v@google.com.br,974-148-0567,77 Chinook Trail,Żelazków,,Science
141,Margit,Crippin,18,mcrippin3w@creativecommons.org,674-148-7864,34775 Lighthouse Bay Center,Minh Lương,,Science
142,Si,Dearl,22,sdearl3x@goo.ne.jp,746-277-5555,2025 Montana Center,Jiabeiyan,,Arts
143,Blakelee,Strike,24,bstrike3y@about.me,633-389-9092,61 Superior Avenue,Lincha,,Science
144,Elnore,Dripp,25,edripp3z@goo.ne.jp,369-328-0037,584 2nd Plaza,Tena,,Science
145,Teddi,Shillito,24,tshillito40@phpbb.com,593-261-3888,800 Everett Lane,Tiền Hải,,Science
146,Hans,Sebrook,20,hsebrook41@harvard.edu,514-185-4322,361 Gerald Alley,Blagoveshchensk,,Medicine
147,Jordain,Cawker,24,jcawker42@g.co,986-816-1762,70 Monica Point,Orahovica,,Science
148,Frederico,Warboy,20,fwarboy43@bigcartel.com,422-374-9002,01815 Scoville Street,Tianfu,,Arts
149,Junette,Ellesworthe,18,jellesworthe44@issuu.com,467-788-4623,51 Welch Lane,Motrico,,Arts
150,Arlinda,Geraldi,22,ageraldi45@domainmarket.com,480-921-3749,76262 Springs Trail,Mujães,Viana do Castelo,Engineering
151,Arlan,Fingleton,18,afingleton46@cnn.com,236-247-2884,762 Maple Wood Circle,Eido,Porto,Arts
152,Margaret,Kinghorn,18,mkinghorn47@printfriendly.com,483-791-3438,04 Granby Way,Kauniainen,,Business
153,Lonni,Revington,21,lrevington48@cbsnews.com,269-800-2093,73 Saint Paul Circle,Porsgrunn,Telemark,Arts
154,Gibby,Coldman,20,gcoldman49@tmall.com,873-544-0596,748 Waubesa Trail,Tyresö,Stockholm,Medicine
155,Alistair,Glander,22,aglander4a@fema.gov,407-500-2969,96 Bunker Hill Point,Concepción,,Engineering
156,Pippy,Lepper,19,plepper4b@about.me,933-695-6187,11 Hintze Pass,Guingamp,Bretagne,Engineering
157,Helge,Howsden,24,hhowsden4c@google.cn,809-241-0372,26938 Golf Course Street,Tripoli,,Science
158,Ragnar,Simic,22,rsimic4d@last.fm,168-820-3634,04174 Stoughton Trail,Perivóli,,Science
159,Tracee,Fooks,19,tfooks4e@zdnet.com,781-193-4430,9468 Bashford Center,Lynn,Massachusetts,Engineering
160,Jacquie,De Cristofalo,22,jdecristofalo4f@independent.co.uk,916-450-2368,169 Weeping Birch Circle,Petauke,,Arts
161,Addie,Rubrow,24,arubrow4g@census.gov,163-929-4759,98123 Milwaukee Plaza,Sekarjalak,,Medicine
162,Talbert,Biss,24,tbiss4h@virginia.edu,421-365-6435,77 Sundown Park,Karangampel,,Medicine
163,Wyndham,Scarre,25,wscarre4i@soup.io,385-676-4999,8700 Kingsford Pass,Kayasula,,Arts
164,Gabey,Meaton,22,gmeaton4j@prweb.com,631-639-5170,1372 Corry Pass,Binawara,,Medicine
165,Alexandros,Dadd,22,adadd4k@quantcast.com,366-207-3866,46602 Anderson Street,Derhachi,,Medicine
166,Madelle,Capitano,19,mcapitano4l@weibo.com,452-616-8199,65380 Summer Ridge Court,Storuman,Västerbotten,Science
167,Nealon,MacTrustie,19,nmactrustie4m@addthis.com,971-191-5619,9 Katie Alley,Nofoali‘i,,Arts
168,Gabriela,Dundin,20,gdundin4n@weather.com,788-498-4828,63 Namekagon Plaza,Fovissste,Sonora,Arts
169,Annabel,Moverley,23,amoverley4o@pagesperso-orange.fr,924-957-3168,55028 Welch Lane,Modot,,Medicine
170,Rheba,Engeham,24,rengeham4p@google.ca,960-759-5940,9 Rutledge Drive,Lanlacuni Bajo,,Science
171,Cristina,Bearns,24,cbearns4q@cpanel.net,756-160-8418,8265 Westerfield Street,Horad Pinsk,,Engineering
172,Elvera,Moral,19,emoral4r@storify.com,155-100-6257,8044 Ohio Crossing,Shatura,,Engineering
173,Gracie,Ramsbottom,21,gramsbottom4s@wix.com,846-340-8870,01 Sunnyside Hill,Zhenchuan,,Medicine
174,Kevon,Dabell,22,kdabell4t@ifeng.com,777-419-4854,90 Sommers Way,Náklo,,Medicine
175,Belia,Probets,23,bprobets4u@google.ru,506-522-7779,8 Pawling Lane,Mlanggeng,,Engineering
176,Gradey,Espinas,22,gespinas4v@prlog.org,149-425-4855,43 Maple Court,Malunda,,Engineering
177,Beatriz,Sturley,20,bsturley4w@usa.gov,875-282-6796,38 Crowley Crossing,São Francisco do Sul,,Arts
178,Onfre,Gentile,22,ogentile4x@ihg.com,664-315-2116,088 Debra Avenue,Porto de Mós,Leiria,Engineering
179,Averil,Cursey,19,acursey4y@slashdot.org,913-660-7581,49 Dahle Parkway,Ptghunk’,,Business
180,Patricio,Erni,24,perni4z@goo.gl,334-990-4561,276 Division Alley,Znomenka,,Medicine
181,Anthiathia,Stokey,22,astokey50@pbs.org,213-717-6192,482 Hauk Drive,Los Angeles,California,Engineering
182,Demetri,Laudham,25,dlaudham51@stanford.edu,780-959-3653,78802 Kropf Road,Marseille,Provence-Alpes-Côte d'Azur,Engineering
183,Papagena,Hartop,20,phartop52@wix.com,471-772-2334,31630 3rd Parkway,Dipayal,,Business
184,Errol,Jopson,25,ejopson53@netvibes.com,955-190-4766,4 New Castle Park,Pereira,Viana do Castelo,Engineering
185,Rayshell,Waterfield,22,rwaterfield54@mit.edu,782-463-6858,45 Fairfield Circle,Paruro,,Business
186,Albertina,Corrie,21,acorrie55@hhs.gov,240-230-4660,9 Del Sol Circle,El Quiteño,,Business
187,Lem,Shadrach,23,lshadrach56@quantcast.com,382-520-1683,73 Grim Circle,Potrero Grande,,Arts
188,Quincey,Carnier,21,qcarnier57@nps.gov,415-887-6004,025 Village Green Crossing,Luorong,,Engineering
189,Hailey,Skeeles,20,hskeeles58@xrea.com,275-226-8184,74 Charing Cross Pass,Sidomulyo,,Engineering
190,Norene,Bartolomieu,19,nbartolomieu59@github.com,829-672-9951,8 Green Ridge Court,Choma,,Arts
191,Hobey,Lacasa,18,hlacasa5a@paginegialle.it,409-821-5051,5265 Lillian Park,Simunul,,Science
192,Eloise,Cattle,25,ecattle5b@diigo.com,206-603-7505,643 Rieder Hill,Xinsheng,,Science
193,Dill,Millhill,19,dmillhill5c@google.com.br,462-237-4921,3 Walton Trail,Xiaohe,,Arts
194,Christophe,Blemings,23,cblemings5d@zdnet.com,799-961-7237,480 Heath Point,Korotych,,Science
195,Harwell,Meletti,21,hmeletti5e@addthis.com,283-136-0912,02 Anniversary Pass,Macau,,Medicine
196,Vikky,Wilber,23,vwilber5f@webnode.com,814-583-7029,36 New Castle Alley,Corujeira,Porto,Arts
197,Arlena,Fincken,19,afincken5g@java.com,464-133-9168,2 Steensland Avenue,Pomahan,,Business
198,Vanna,Ledstone,23,vledstone5h@com.com,806-908-6532,95 Kedzie Park,Moncada,,Arts
199,Wittie,Bootton,22,wbootton5i@ucsd.edu,412-920-1492,4767 Beilfuss Alley,Bastia,Corse,Arts
200,Barclay,Ruberry,22,bruberry5j@mtv.com,251-873-2738,862 Muir Parkway,Vilhelmina,Västerbotten,Science
201,Mia,Matusiak,22,mmatusiak5k@infoseek.co.jp,469-193-2723,133 Rigney Park,Shah Alam,Selangor,Business
202,Ravi,Cadwell,20,rcadwell5l@sakura.ne.jp,893-905-5668,9019 Clemons Point,El Mirador,Distrito Federal,Science
203,Hilary,Stanluck,20,hstanluck5m@ucsd.edu,590-454-9926,7 Grasskamp Parkway,Rio de Janeiro,,Engineering
204,Barbie,Reford,25,breford5n@youtube.com,611-263-7075,982 Graedel Place,Chã,Santarém,Arts
205,Ailis,Jarad,24,ajarad5o@barnesandnoble.com,856-272-4836,0656 Troy Alley,Caseros,,Arts
206,Marylou,Scolts,23,mscolts5p@1688.com,567-607-3543,91748 Tomscot Park,Zhiqing Songduo,,Science
207,Peyton,Jirousek,25,pjirousek5q@wunderground.com,636-883-4163,5272 Transport Point,Novyy Starodub,,Engineering
208,Timmie,Walstow,23,twalstow5r@istockphoto.com,673-308-1231,9015 Hermina Parkway,Buta Ranquil,,Science
209,Concordia,Reditt,20,creditt5s@columbia.edu,840-759-4937,717 Westridge Lane,Shisui,,Science
210,Iver,Stille,23,istille5t@cornell.edu,636-886-8355,5097 Heffernan Drive,Kangasala,,Medicine
211,Christiano,Sotham,19,csotham5u@craigslist.org,732-417-8627,9173 Wayridge Junction,Sandaoba,,Arts
212,Normie,Bardwall,24,nbardwall5v@miitbeian.gov.cn,383-634-7508,3212 Esker Lane,Mauá,,Science
213,Melvyn,Trewin,25,mtrewin5w@histats.com,500-679-8950,411 Del Sol Lane,Nova Friburgo,,Engineering
214,Kayle,MacNally,22,kmacnally5x@amazon.de,727-711-7930,8551 Nobel Way,Hongqiao,,Business
215,Etienne,Thornewell,19,ethornewell5y@mysql.com,894-506-3177,54273 1st Terrace,Bomomani,,Arts
216,Peria,Demange,22,pdemange5z@wix.com,151-948-7189,255 Anzinger Pass,Santa Quitéria do Maranhão,,Arts
217,Paola,Braycotton,24,pbraycotton60@printfriendly.com,786-536-0570,0174 Ilene Way,Qinhe,,Science
218,Roseanne,Harbour,19,rharbour61@bloglovin.com,468-833-2664,845 Butternut Plaza,Bendilmuning,,Medicine
219,Devin,Weiser,25,dweiser62@bloglovin.com,476-247-9170,831 Northfield Street,Bulembu,,Science
220,Miner,Madders,23,mmadders63@nyu.edu,738-921-9772,008 Merry Point,Bagumbayan,,Business
221,Marigold,O'Bradane,23,mobradane64@plala.or.jp,319-277-8728,7075 Carpenter Point,Los Guayos,,Science
222,Jarrad,McAvaddy,20,jmcavaddy65@hubpages.com,590-357-3998,5103 Homewood Park,Shangjia,,Arts
223,Lenore,Skitt,20,lskitt66@biblegateway.com,440-488-1135,195 Summerview Park,Susuman,,Medicine
224,Yanaton,Pharoah,18,ypharoah67@plala.or.jp,595-908-4978,208 Heffernan Junction,Ringim,,Science
225,Hakim,Ray,24,hray68@cnbc.com,801-255-4373,08 Lindbergh Pass,Del Monte,,Engineering
226,Karyn,Papaccio,22,kpapaccio69@yellowbook.com,392-761-8311,70057 Declaration Alley,Gap,Provence-Alpes-Côte d'Azur,Arts
227,Zorina,Le Grand,22,zlegrand6a@census.gov,247-276-2302,8 Eastwood Park,Horana South,,Engineering
228,Rutledge,McIlmurray,19,rmcilmurray6b@pagesperso-orange.fr,720-580-5152,75455 Harbort Street,Sumberejo,,Engineering
229,Kellby,Cockrem,23,kcockrem6c@bravesites.com,522-902-7257,90390 Toban Alley,Vanadzor,,Arts
230,Geraldine,Faber,22,gfaber6d@g.co,517-139-1010,98361 Union Road,Uritsk,,Science
231,Catherina,Garriock,18,cgarriock6e@netvibes.com,929-308-0212,21 International Parkway,Alabat,,Medicine
232,Loralyn,Vizard,22,lvizard6f@naver.com,751-978-1714,0 New Castle Way,Pangalangan,,Business
233,Donal,Browncey,18,dbrowncey6g@zimbio.com,108-370-4365,26589 Alpine Road,Alingsås,Västra Götaland,Business
234,Josias,Chessman,21,jchessman6h@businessweek.com,479-729-6095,7 West Circle,Dongjie,,Business
235,Cristi,Melburg,21,cmelburg6i@example.com,115-786-3734,8159 Kedzie Point,Thaon-les-Vosges,Lorraine,Business
236,Dre,Leathley,25,dleathley6j@nifty.com,151-565-8480,376 Pleasure Junction,Shimonoseki,,Arts
237,Tobey,Jakobsson,24,tjakobsson6k@mapy.cz,204-109-9366,9 Bashford Court,Maastricht,Provincie Limburg,Business
238,Petronella,Axworthy,24,paxworthy6l@51.la,209-737-6210,393 Schurz Park,Łomazy,,Medicine
239,Sadie,Chatres,23,schatres6m@imageshack.us,373-463-3771,10 Pennsylvania Pass,Knurów,,Medicine
240,Elnora,Leborgne,18,eleborgne6n@youtu.be,132-417-9057,5605 Commercial Street,Balsas,,Medicine
241,Clemmie,Everson,24,ceverson6o@exblog.jp,654-757-9571,5722 Eastwood Parkway,Phu Kradueng,,Arts
242,Desiree,Ready,19,dready6p@yahoo.com,700-105-5191,8073 Beilfuss Place,Phu Kradueng,,Medicine
243,Gabriella,Jopke,24,gjopke6q@boston.com,664-548-5015,73729 Monica Drive,Brody,,Engineering
244,Terra,Gordon,18,tgordon6r@typepad.com,690-504-0150,82282 Mcbride Drive,Rostokino,,Business
245,Raffaello,Sawter,22,rsawter6s@rediff.com,834-664-7661,32 Saint Paul Pass,Yaodian,,Arts
246,Parke,Beningfield,20,pbeningfield6t@flickr.com,999-783-4482,2405 Drewry Pass,Payxambabazar,,Arts
247,Ambrose,Pollastro,24,apollastro6u@arizona.edu,950-598-3338,573 Truax Crossing,Wiang Nuea,,Medicine
248,Tobiah,Mungane,19,tmungane6v@redcross.org,434-643-8346,8951 Vidon Point,Għaxaq,,Science
249,Sharlene,Cosgreave,24,scosgreave6w@blogger.com,324-926-0431,4536 Barnett Road,Novyy Karachay,,Business
250,Layla,Monahan,25,lmonahan6x@360.cn,453-510-2914,5073 Westerfield Point,Sorocaba,,Arts
251,Arluene,Huggan,25,ahuggan6y@slate.com,816-136-7405,2709 Oneill Junction,La Huaca,,Science
252,Franchot,Jumel,24,fjumel6z@cbc.ca,291-202-1350,0071 American Point,Sepit,,Business
253,Harrie,Budleigh,22,hbudleigh70@alexa.com,155-322-7484,8 Onsgard Lane,Had Kourt,,Business
254,Tina,Allred,24,tallred71@4shared.com,117-363-6314,4 Meadow Valley Street,General Belgrano,,Arts
255,Ariel,Dand,22,adand72@stumbleupon.com,371-674-2860,32 Norway Maple Plaza,Aanislag,,Medicine
256,Caitlin,Phipp,18,cphipp73@typepad.com,306-911-1817,38237 Daystar Drive,Bangunsari,,Arts
257,Clint,Leuty,18,cleuty74@sourceforge.net,395-201-1689,99 Morrow Alley,Dongbang,,Business
258,Otha,Dryburgh,22,odryburgh75@discovery.com,544-932-3135,5 Hansons Road,Yulao,,Business
259,Leslie,Konerding,23,lkonerding76@about.me,430-676-3055,8289 Namekagon Junction,Amio,,Medicine
260,Esra,Postill,25,epostill77@google.com.br,707-157-3824,38 Nevada Parkway,Tinawagan,,Business
261,Burl,Frushard,25,bfrushard78@webs.com,413-177-1213,02352 Pankratz Trail,Roanne,Rhône-Alpes,Medicine
262,Marylou,Lathee,20,mlathee79@pinterest.com,578-475-1517,47505 Springview Road,Cherëmukhovo,,Arts
263,Buiron,Mardell,25,bmardell7a@scribd.com,135-465-8029,57 Walton Pass,Fuhai,,Science
264,Malissa,Corballis,24,mcorballis7b@purevolume.com,513-147-7841,3040 Northwestern Center,Cincinnati,Ohio,Medicine
265,Clayborne,Cotman,25,ccotman7c@epa.gov,717-542-4940,155 Northwestern Avenue,Dali,,Business
266,Melodie,Taffe,22,mtaffe7d@51.la,185-859-9095,149 Ronald Regan Street,Sajan,,Medicine
267,Whitney,Clere,25,wclere7e@whitehouse.gov,614-362-9358,99 Lillian Point,Fusagasuga,,Arts
268,Harri,Kilgallen,24,hkilgallen7f@ustream.tv,527-271-9566,88 Transport Avenue,Koh Tao,,Business
269,Johannes,Carlill,25,jcarlill7g@google.com.br,859-638-2770,99 Scott Court,Ermidas do Sado,Setúbal,Engineering
270,Zane,Meardon,23,zmeardon7h@va.gov,317-735-9152,6692 Golf View Place,Năm Căn,,Medicine
271,Mace,Peschke,20,mpeschke7i@edublogs.org,929-389-6045,0903 Erie Court,Diadi,,Medicine
272,Hildegarde,MacArte,18,hmacarte7j@ifeng.com,214-550-9945,52015 Schurz Lane,Shangyanzhuang,,Science
273,Pavel,Wilson,20,pwilson7k@godaddy.com,990-578-1447,055 Bluestem Circle,Rinbung,,Business
274,Carroll,Daouze,20,cdaouze7l@moonfruit.com,295-415-5726,156 Barnett Court,Arpajon,Île-de-France,Engineering
275,Xever,Donoghue,25,xdonoghue7m@bloglovin.com,986-235-7361,9588 Orin Point,Sult,,Arts
276,Eleen,Mistry,19,emistry7n@myspace.com,709-395-8787,8 Stephen Park,Qinghe,,Engineering
277,Lauren,Orneblow,25,lorneblow7o@photobucket.com,490-986-2828,751 Oriole Way,Torbeck,,Engineering
278,Gifford,Daldry,25,gdaldry7p@ucoz.ru,363-544-2274,8 Boyd Circle,Sosnovaya Polyana,,Engineering
279,Rona,Brimman,18,rbrimman7q@rakuten.co.jp,324-530-0934,70 Esch Place,Uzda,,Medicine
280,Timotheus,Emmerson,22,temmerson7r@vistaprint.com,485-413-4586,5227 Waubesa Plaza,Sedkyrkeshch,,Arts
281,Aldric,Corbally,21,acorbally7s@wikia.com,750-425-0055,94024 Waxwing Park,Novotitarovskaya,,Science
282,Raeann,Shellibeer,18,rshellibeer7t@usgs.gov,376-274-8836,4063 Ohio Road,Gornje Živinice,,Engineering
283,Victor,Croose,19,vcroose7u@bing.com,931-597-7362,40593 Beilfuss Drive,Youlongchuan,,Science
284,Dyann,Gerred,24,dgerred7v@theatlantic.com,700-545-6041,7072 Hoffman Terrace,Kuala Lumpur,Kuala Lumpur,Business
285,Jae,Muslim,19,jmuslim7w@discuz.net,901-128-2832,87293 Parkside Alley,Zheleznovodsk,,Arts
286,Corny,Cordes,18,ccordes7x@ezinearticles.com,311-367-1974,35 Dexter Parkway,Lyon,Rhône-Alpes,Business
287,Nertie,Ivanikov,25,nivanikov7y@stanford.edu,157-710-3373,071 Butternut Lane,Nice,Provence-Alpes-Côte d'Azur,Medicine
288,Deva,Edelheit,25,dedelheit7z@csmonitor.com,718-268-3767,9 Judy Court,Palcamayo,,Business
289,Haley,Chesson,24,hchesson80@smugmug.com,943-614-6149,366 Nancy Circle,Chang’an,,Arts
290,Toby,Parncutt,18,tparncutt81@constantcontact.com,706-106-6719,3 Mesta Street,Cacoal,,Science
291,Ami,Labone,25,alabone82@furl.net,248-105-4417,8613 Moland Center,Zhouling,,Science
292,Keen,McTerry,18,kmcterry83@sitemeter.com,660-408-2306,095 Huxley Pass,Murmansk,,Business
293,Orville,Whiten,21,owhiten84@usgs.gov,839-871-9014,848 Larry Street,Tuodian,,Science
294,Saunderson,Vogele,19,svogele85@paypal.com,893-687-6989,286 Rowland Crossing,Bojong,,Business
295,Miltie,Lepper,21,mlepper86@imgur.com,366-357-7853,7122 Mariners Cove Terrace,Imbituva,,Science
296,Suzann,Quinell,19,squinell87@lycos.com,690-418-3615,19 Hoepker Drive,Santo Estêvão,,Arts
297,Moishe,MacGuffog,20,mmacguffog88@digg.com,306-788-4017,09 Forest Run Avenue,Matiguás,,Business
298,Cris,Kwietek,18,ckwietek89@nsw.gov.au,930-751-6649,32 Holy Cross Hill,Wolomoni,,Medicine
299,Lona,Boissier,20,lboissier8a@vistaprint.com,513-848-4471,59481 Hazelcrest Alley,Cincinnati,Ohio,Arts
300,Brynna,MacClinton,18,bmacclinton8b@slate.com,482-631-5255,49 Acker Terrace,Adare,,Business
301,Frayda,Frigot,20,ffrigot8c@ovh.net,139-986-8322,6 Beilfuss Hill,Vallenar,,Medicine
302,Lorinda,Minchenton,20,lminchenton8d@dailymotion.com,539-452-0586,8 Kings Alley,Maumere,,Medicine
303,Brock,Shallcross,20,bshallcross8e@eventbrite.com,701-615-3637,9650 Surrey Trail,Douane,,Engineering
304,Araldo,Grigolashvill,23,agrigolashvill8f@discuz.net,243-783-7613,1848 Fair Oaks Parkway,Choszczno,,Science
305,Gasparo,Batram,24,gbatram8g@gnu.org,176-788-9229,7538 Norway Maple Avenue,Azun Atme,,Business
306,Collie,Clooney,18,cclooney8h@tinyurl.com,474-628-4940,081 Rieder Trail,Galubakul,,Business
307,Valentijn,Barlass,25,vbarlass8i@wufoo.com,731-326-4474,3 Maple Plaza,Annecy,Rhône-Alpes,Arts
308,Prentice,Moxstead,21,pmoxstead8j@smugmug.com,611-447-5653,545 Reindahl Pass,Dahuangwei,,Engineering
309,Liana,Shilstone,19,lshilstone8k@bluehost.com,747-306-2833,81 Pepper Wood Alley,Dapdap,,Arts
310,Legra,Olivo,22,lolivo8l@wordpress.com,428-359-8124,14 Mallard Plaza,Boafeo,,Engineering
311,Eleonora,Klesl,18,eklesl8m@usgs.gov,196-710-0907,06249 Merrick Pass,Pasirpanjang,,Medicine
312,Maris,Ginnaly,18,mginnaly8n@utexas.edu,463-891-3288,4 Eggendart Drive,Czeremcha,,Arts
313,Kristos,Rizon,23,krizon8o@rambler.ru,815-643-1552,95187 Cordelia Pass,Cereté,,Business
314,Anatol,Bridgett,19,abridgett8p@people.com.cn,191-526-2382,08892 Boyd Park,Vyshneye Dolgoye,,Arts
315,Alva,Keyzor,21,akeyzor8q@deviantart.com,624-174-9429,65144 Scoville Pass,Chardonnière,,Business
316,Gray,Sperry,21,gsperry8r@flavors.me,150-399-9216,2 Schurz Hill,Batambak,,Arts
317,Kelci,Loftin,25,kloftin8s@ow.ly,479-201-6155,75762 Eagan Place,Rolante,,Engineering
318,Catie,Irving,21,cirving8t@bloglovin.com,186-986-0834,0199 Debs Park,Natonin,,Medicine
319,Yancey,Battin,23,ybattin8u@msn.com,676-456-7531,8 Karstens Court,Puerto Aisén,,Business
320,Justen,Beller,23,jbeller8v@yahoo.co.jp,961-428-3554,5248 Esch Alley,Moganshan,,Engineering
321,Wilmer,Lesley,22,wlesley8w@tumblr.com,709-433-6250,554 Marcy Junction,Uzdin,,Science
322,Araldo,Willowby,21,awillowby8x@bloomberg.com,899-519-7903,231 Hoffman Street,Capiíbary,,Science
323,Arlee,Kimberley,24,akimberley8y@unc.edu,280-244-2066,5 Division Street,Montes Claros,,Engineering
324,Gigi,Eburne,25,geburne8z@privacy.gov.au,967-499-8633,61157 Moland Point,Gudang,,Engineering
325,Jasmin,Bonnar,20,jbonnar90@simplemachines.org,594-682-0010,92 Victoria Parkway,Chantilly,Picardie,Medicine
326,Jordan,Maffioletti,21,jmaffioletti91@flickr.com,187-568-0461,0 Merrick Crossing,Argavand,,Medicine
327,Allys,Jorat,19,ajorat92@java.com,792-159-0524,05 Menomonie Road,Hetou,,Business
328,Rurik,Queree,19,rqueree93@elpais.com,164-763-2106,89 Gina Plaza,Gómfoi,,Science
329,Grange,Brownsmith,25,gbrownsmith94@noaa.gov,777-716-0874,6 Center Park,Sukapura,,Arts
330,Rivalee,Portman,25,rportman95@tumblr.com,254-741-4398,8 Vera Plaza,Dimataling,,Business
331,Rosalynd,Valek,20,rvalek96@hostgator.com,917-841-0197,47142 Brentwood Trail,Qingzhou,,Science
332,Bret,Vedeneev,21,bvedeneev97@ehow.com,910-576-6890,1 Granby Lane,Kunheda Woerzu Manzu,,Business
333,Elberta,Hambidge,18,ehambidge98@globo.com,141-277-0263,4 Elka Park,Umeå,Västerbotten,Business
334,Jada,Vina,18,jvina99@istockphoto.com,348-772-8875,03113 Sycamore Park,Shangjie,,Engineering
335,Greta,Spadazzi,20,gspadazzi9a@ox.ac.uk,980-994-4314,34637 Fieldstone Drive,Calachuchi,,Medicine
336,Charisse,Sturgeon,22,csturgeon9b@intel.com,627-423-9030,04670 Bultman Place,Kebon Tengah,,Medicine
337,Leda,Edinburough,22,ledinburough9c@dot.gov,484-264-6612,57608 Brown Terrace,Thị Trấn Phước Bửu,,Business
338,Nikolos,Rawlings,21,nrawlings9d@studiopress.com,197-402-6197,47854 Shelley Center,Balingoan,,Science
339,Doy,Bradane,22,dbradane9e@trellian.com,743-669-5155,8354 Delaware Court,Barra de São Francisco,,Arts
340,Rubin,Simmonite,24,rsimmonite9f@utexas.edu,793-609-6532,645 Cherokee Lane,Morro Agudo,,Arts
341,Carmina,Mustard,22,cmustard9g@mediafire.com,733-974-9893,23 Monterey Point,Handegate,,Arts
342,Brew,Rasell,20,brasell9h@nps.gov,508-552-0689,56 Redwing Road,Zhangpu,,Medicine
343,Hillery,Leas,19,hleas9i@independent.co.uk,844-137-2750,83 Barnett Drive,Tor,,Business
344,Shana,Pheasey,19,spheasey9j@nba.com,148-334-1507,990 Eastlawn Plaza,Lingxi,,Arts
345,Tobiah,Crocker,23,tcrocker9k@nymag.com,276-549-3082,90 Sutteridge Avenue,Campoalegre,,Arts
346,Skye,Rochelle,18,srochelle9l@addtoany.com,537-445-3298,51335 Algoma Junction,Utmānzai,,Medicine
347,Giulia,Betser,24,gbetser9m@skype.com,153-116-1505,5087 Crownhardt Junction,Itamaraju,,Science
348,Reggie,Guittet,22,rguittet9n@amazon.com,676-780-0668,30 Ohio Circle,Cabanilla,,Science
349,Scott,Hanford,24,shanford9o@samsung.com,768-438-0481,07 Shopko Center,Palilula,,Business
350,Darya,Freen,19,dfreen9p@seesaa.net,808-340-3698,1334 Eliot Hill,Palocabildo,,Arts
351,Morgana,Domek,23,mdomek9q@infoseek.co.jp,454-585-1892,1 Burning Wood Crossing,Boticas,Vila Real,Science
352,Bertie,Blissett,20,bblissett9r@baidu.com,302-451-9687,63 Artisan Junction,Duobaoshan,,Science
353,Boigie,Flockhart,24,bflockhart9s@squidoo.com,405-137-0964,1833 Caliangt Place,Velký Týnec,,Business
354,Kenton,Lomasney,21,klomasney9t@rakuten.co.jp,423-718-8323,84 Arapahoe Pass,Ochakovo-Matveyevskoye,,Medicine
355,Darrel,Shrigley,22,dshrigley9u@senate.gov,386-559-1104,6119 Dayton Drive,Chatou,,Arts
356,Midge,McCory,20,mmccory9v@odnoklassniki.ru,596-731-9120,01 8th Terrace,Jatibonico,,Science
357,Ulla,Bracchi,22,ubracchi9w@desdev.cn,321-773-0975,590 Goodland Junction,Taoudenni,,Science
358,Frasco,de Copeman,21,fdecopeman9x@unesco.org,241-840-2419,8941 Loftsgordon Crossing,Xifangcheng,,Arts
359,Eli,Hain,21,ehain9y@noaa.gov,351-389-6414,2805 Killdeer Court,Szczawno-Zdrój,,Medicine
360,Kort,Downe,20,kdowne9z@walmart.com,400-238-1350,35 Havey Junction,Tianzhou,,Business
361,Ephraim,Shambrooke,24,eshambrookea0@npr.org,382-366-5417,3 Becker Crossing,Herong,,Science
362,Maritsa,Leheude,19,mleheudea1@addthis.com,867-951-9756,23 Gulseth Terrace,Xinkai,,Science
363,Gerick,Matovic,23,gmatovica2@bluehost.com,644-445-0231,48575 Hintze Center,Nol,Västra Götaland,Business
364,Gar,Tremontana,18,gtremontanaa3@51.la,115-375-2727,8675 Norway Maple Avenue,Gucheng,,Business
365,Babs,Shaddock,21,bshaddocka4@bandcamp.com,984-221-7589,11 Messerschmidt Plaza,Bagahanlad,,Engineering
366,Brigitte,Marieton,22,bmarietona5@ted.com,991-961-6902,15022 Vahlen Crossing,Kaliwates,,Engineering
367,Ernaline,Instock,24,einstocka6@sina.com.cn,255-951-0568,13848 Cambridge Way,Palumbungan,,Science
368,Marleen,Thormwell,23,mthormwella7@arstechnica.com,336-847-9665,6306 Toban Park,Frei,More og Romdal,Medicine
369,Nikolai,Haistwell,20,nhaistwella8@jimdo.com,339-790-6993,72 Sheridan Hill,Taclobo,,Engineering
370,Odele,Fawcett,22,ofawcetta9@booking.com,508-124-1732,38 Ilene Drive,Lengkeng,,Medicine
371,Averil,Duke,20,adukeaa@fc2.com,493-975-9036,1341 Anthes Trail,Aizkraukle,,Medicine
372,Isabelita,Walsham,21,iwalshamab@mac.com,448-496-0761,155 Russell Pass,Ituiutaba,,Science
373,Rivi,Cowlin,22,rcowlinac@rediff.com,943-301-0374,6984 Dexter Crossing,Thị Trấn Yên Phú,,Medicine
374,Ashil,Yannoni,19,ayannoniad@goodreads.com,366-650-5473,6 Northport Junction,Králův Dvůr,,Science
375,Stanfield,Castagnone,25,scastagnoneae@scribd.com,211-518-2092,23 Swallow Road,Dongcheng,,Arts
376,Syman,Tongue,25,stongueaf@dailymail.co.uk,216-126-3535,4572 Moose Road,Orléans,Centre,Business
377,Dev,Martusov,20,dmartusovag@jalbum.net,845-608-9176,73876 Melvin Parkway,Kamakura,,Engineering
378,Amalee,Eyres,21,aeyresah@phoca.cz,529-754-9053,5744 Bashford Center,Jianghai,,Engineering
379,Petronilla,Sibbit,20,psibbitai@storify.com,291-972-6609,534 Fordem Hill,Santa Teresa First,,Science
380,Dulcine,Grewar,24,dgrewaraj@1688.com,238-925-3329,3520 Schiller Trail,Brčko,,Science
381,Adelind,Hauxwell,22,ahauxwellak@businesswire.com,900-442-8280,12982 Corry Place,Jales,,Business
382,Hadley,Mitcham,25,hmitchamal@xrea.com,989-328-3831,41 Johnson Drive,Esquipulas,,Medicine
383,Fred,Copes,25,fcopesam@admin.ch,313-803-9361,55 Summit Park,Futtsu,,Science
384,Doreen,Tidy,22,dtidyan@theguardian.com,740-668-7933,67 8th Parkway,Dajin,,Medicine
385,Lazar,Colling,18,lcollingao@dropbox.com,947-611-5355,3 Mcguire Court,San Antonio,Guerrero,Medicine
386,Monty,Gallamore,18,mgallamoreap@wufoo.com,368-674-5064,17750 Vahlen Hill,Pincher Creek,Alberta,Engineering
387,Nerty,Ewins,24,newinsaq@howstuffworks.com,853-755-3235,114 Eggendart Street,Szczerców,,Medicine
388,Tremaine,Joy,24,tjoyar@homestead.com,259-292-3597,3001 Main Court,Koropí,,Medicine
389,Hildy,Sollime,21,hsollimeas@freewebs.com,317-732-6894,96 Trailsway Junction,Qohord-e Bālā,,Arts
390,Janessa,Burchmore,24,jburchmoreat@chicagotribune.com,223-366-0734,2 Morning Place,Périgny,Poitou-Charentes,Business
391,Hugues,Piet,23,hpietau@cisco.com,116-751-6102,87 5th Avenue,Gasri,,Science
392,Ethel,Kinchin,22,ekinchinav@mashable.com,746-241-3464,19894 Russell Avenue,Mouzáki,,Medicine
393,Cicely,Reary,19,crearyaw@biglobe.ne.jp,815-937-4951,2 Shelley Lane,Joliet,Illinois,Science
394,Lilian,Blakeley,24,lblakeleyax@storify.com,674-187-2618,75510 Mcguire Avenue,Tugusirna,,Business
395,Richie,Niblock,18,rniblockay@diigo.com,131-436-9260,0641 John Wall Place,Dandian,,Business
396,Dasha,Gallichiccio,23,dgallichiccioaz@who.int,101-572-7556,99316 Ryan Alley,Peroguarda,Beja,Arts
397,Shannon,McKintosh,19,smckintoshb0@nps.gov,666-268-1681,9 Raven Crossing,Muaratiga,,Arts
398,Cull,Pescod,22,cpescodb1@unc.edu,127-251-2685,908 Fieldstone Crossing,Aksu,,Science
399,Clem,Havard,18,chavardb2@tamu.edu,577-919-1484,330 Cherokee Plaza,Menara,,Business
400,Pablo,Dolan,21,pdolanb3@wired.com,175-471-0580,3676 Bunting Center,McKinley,,Arts
401,Brittan,Cardero,18,bcarderob4@odnoklassniki.ru,639-532-7097,9040 Northport Lane,Tuanshan,,Science
402,Ripley,Kosiada,20,rkosiadab5@who.int,598-517-2808,3 Heath Pass,Citeureup,,Business
403,Killy,Cottom,20,kcottomb6@imdb.com,934-853-9287,71 Thierer Pass,Qiantang,,Engineering
404,Teresa,Josskoviz,18,tjosskovizb7@princeton.edu,154-282-9022,0286 Harbort Pass,Maragogipe,,Science
405,Ginger,Sanderson,22,gsandersonb8@ustream.tv,632-358-0266,0 Sachtjen Plaza,Hacıqabul,,Engineering
406,Eolande,Doody,20,edoodyb9@marketwatch.com,159-412-3935,4418 Blaine Trail,Logroño,La Rioja,Science
407,Chet,Pollok,25,cpollokba@fastcompany.com,140-477-4537,24275 Spaight Center,Wrząsowice,,Business
408,Cheslie,Geroldini,19,cgeroldinibb@example.com,111-289-2250,83065 Hooker Court,Nizhnyaya Tavda,,Business
409,Juliana,Fulham,25,jfulhambc@scientificamerican.com,632-407-0019,684 Veith Road,Linglu,,Business
410,Cad,Bum,19,cbumbd@oracle.com,919-160-1796,75 Lien Road,Itapevi,,Medicine
411,Cherilyn,Ramsdale,25,cramsdalebe@ehow.com,777-293-0850,0026 Pennsylvania Street,Chornukhy,,Medicine
412,Goran,Durnford,25,gdurnfordbf@sbwire.com,132-385-8508,26043 Melody Trail,Castelo,Viana do Castelo,Business
413,Vite,Brownsey,23,vbrownseybg@cbslocal.com,163-343-9732,23966 Birchwood Street,Xianju,,Business
414,Liza,Hawford,25,lhawfordbh@cargocollective.com,206-121-2520,9 Ronald Regan Circle,Mojo,,Engineering
415,Briant,Clucas,19,bclucasbi@squidoo.com,440-185-7512,6 Crest Line Point,Karvia,,Arts
416,Nanine,Reoch,20,nreochbj@networksolutions.com,117-313-0783,48852 Towne Plaza,Sidem,,Medicine
417,Joellyn,Bencher,25,jbencherbk@rediff.com,901-234-6011,697 Fulton Hill,Toulouse,Midi-Pyrénées,Science
418,Pascal,Crose,24,pcrosebl@mozilla.org,932-295-5742,87956 Morningstar Terrace,Dengyue,,Business
419,Garrard,Esby,18,gesbybm@amazon.co.jp,770-663-3789,90 Kipling Plaza,Humniska,,Medicine
420,Felicio,Crucetti,23,fcrucettibn@parallels.com,469-206-7281,93520 Gerald Hill,Anyang,,Business
421,Frants,Faye,20,ffayebo@wordpress.org,370-496-4905,7210 Merry Parkway,Tutnae,,Business
422,Theodosia,Brunt,23,tbruntbp@answers.com,845-944-5421,5832 Village Plaza,Paris 20,Île-de-France,Medicine
423,Meriel,Cullotey,20,mculloteybq@typepad.com,853-694-8453,61 Golf Course Place,Tanjung Palas,,Business
424,Ike,Bugge,19,ibuggebr@who.int,791-841-9325,00875 Sundown Center,Caopie,,Business
425,Rozina,Folli,21,rfollibs@hibu.com,822-592-0678,9 Pearson Center,Waitakere,,Arts
426,Cross,Foister,24,cfoisterbt@google.com.au,766-361-8541,29703 Doe Crossing Road,Houxixi,,Science
427,Dorry,Loftie,21,dloftiebu@ucsd.edu,826-728-0092,1798 Quincy Lane,Tempaling,,Science
428,Salmon,Ikins,20,sikinsbv@si.edu,673-561-6432,0067 Tony Street,Sobeok,,Business
429,Boony,Duding,20,bdudingbw@reddit.com,647-111-6922,2339 Briar Crest Parkway,Caotang,,Science
430,Wanda,Bartkowiak,25,wbartkowiakbx@dropbox.com,730-983-0680,41 Jackson Crossing,Loureiro,Viana do Castelo,Business
431,Peria,Muehler,23,pmuehlerby@opera.com,885-649-6002,55 2nd Trail,Xinyan,,Arts
432,Robb,Lung,22,rlungbz@mlb.com,484-274-5542,98627 Little Fleur Junction,Zhongshan Donglu,,Business
433,Rhett,Thornally,21,rthornallyc0@wordpress.org,776-161-0998,191 Hagan Street,Qiancheng,,Medicine
434,Aila,Hymers,25,ahymersc1@cnet.com,722-952-5228,3979 Veith Road,Nangkasari,,Science
435,Siusan,Broadnicke,18,sbroadnickec2@berkeley.edu,256-592-8535,0 Dryden Terrace,Mulhouse,Alsace,Business
436,Mirelle,Stigell,25,mstigellc3@mit.edu,891-179-2430,17 Fair Oaks Drive,Mostek,,Business
437,Nye,Newton,19,nnewtonc4@archive.org,136-289-3338,19867 Farwell Court,Prado Siongco,,Business
438,Rhiamon,Danilewicz,23,rdanilewiczc5@cmu.edu,332-324-0896,6 Kropf Point,Carvalhal,Viseu,Business
439,Roslyn,Kinig,23,rkinigc6@phpbb.com,993-779-6542,5886 Lyons Point,Nungwi,,Arts
440,Lilyan,Tiplady,18,ltipladyc7@ucoz.com,492-924-2193,61261 Starling Lane,Ewirgol,,Business
441,Zollie,Vernon,25,zvernonc8@intel.com,520-832-4638,64 Anderson Lane,Luxi,,Arts
442,Kara,Kingstne,18,kkingstnec9@google.com.br,257-156-0604,9 Fairview Avenue,Huichang,,Medicine
443,Arri,Wigglesworth,20,awigglesworthca@youtube.com,791-318-8185,92853 Hooker Lane,Vyshneve,,Business
444,Marlowe,Gertz,19,mgertzcb@deliciousdays.com,576-850-0492,8 Caliangt Point,Zhaodong,,Engineering
445,Avivah,Sandever,22,asandevercc@gmpg.org,778-143-3826,6739 Waywood Drive,Thomastown,,Arts
446,Balduin,Champ,18,bchampcd@zdnet.com,888-133-2741,07106 Kropf Terrace,Camagüey,,Business
447,Jennica,Handover,19,jhandoverce@go.com,671-821-3689,33769 Meadow Valley Road,Mikun’,,Arts
448,Leopold,Orable,19,lorablecf@ucoz.ru,232-972-7675,69 Kingsford Alley,Ulaanbaatar,,Business
449,Mar,Nutten,20,mnuttencg@disqus.com,749-297-6612,05 American Ash Lane,Sabangan,,Engineering
450,Roy,Jablonski,25,rjablonskich@pinterest.com,489-330-2397,55 Spenser Circle,Gitega,,Engineering
451,Ddene,Pechell,20,dpechellci@mediafire.com,484-548-7147,00944 Graedel Pass,Nanxi,,Business
452,Sher,McQuie,21,smcquiecj@google.co.jp,821-547-3319,0156 Doe Crossing Street,Szprotawa,,Business
453,Ericka,Taye,24,etayeck@army.mil,246-739-0963,62 Roth Parkway,Jacobina,,Science
454,Zarla,Grimsdyke,25,zgrimsdykecl@bloglovin.com,422-656-5512,68 Green Ridge Park,Kuasha,,Arts
455,Culley,Forrest,23,cforrestcm@archive.org,350-609-0622,716 Pond Drive,Futuroscope,Poitou-Charentes,Arts
456,Kristel,Fendt,23,kfendtcn@dot.gov,508-539-2387,7 Claremont Junction,Boston,Massachusetts,Engineering
457,Pattie,Brewett,20,pbrewettco@cdc.gov,227-406-4398,910 Harper Place,Paraguarí,,Arts
458,Candra,Rowley,23,crowleycp@nature.com,431-696-5828,8 Merry Terrace,Aţ Ţīrah,,Business
459,Tymothy,Mott,25,tmottcq@ezinearticles.com,741-558-4114,3607 Dorton Center,Itu,,Arts
460,Brockie,Cargo,23,bcargocr@cisco.com,407-137-2336,20203 Hanson Center,Petersfield,,Medicine
461,Doralynn,McRill,20,dmcrillcs@nasa.gov,698-207-4820,5251 American Ash Pass,Jiangjia,,Business
462,Tabbi,Leyshon,20,tleyshonct@blogtalkradio.com,848-280-4468,89 Barby Trail,Siilinjärvi,,Medicine
463,Hurlee,Dunseath,25,hdunseathcu@economist.com,679-228-6411,184 Kennedy Street,Darungan Lor,,Business
464,Briggs,Hadigate,24,bhadigatecv@lulu.com,576-416-0841,766 Red Cloud Way,Hancheng,,Arts
465,Athena,Titcumb,22,atitcumbcw@google.it,839-809-9559,2 Marquette Drive,Maliiha,,Arts
466,Violante,Noorwood,18,vnoorwoodcx@ameblo.jp,241-521-7164,7 Stoughton Circle,Cicayur,,Engineering
467,Morton,Peace,25,mpeacecy@blogger.com,435-606-9595,78796 Melrose Parkway,Kariya,,Medicine
468,Saw,Trimmell,18,strimmellcz@hubpages.com,152-684-1715,8 Fairfield Center,Poshnje,,Engineering
469,Carolyne,Cumbers,21,ccumbersd0@geocities.jp,998-927-3434,799 Dakota Terrace,Yanhe,,Arts
470,Hurley,Sayles,21,hsaylesd1@canalblog.com,210-447-0540,6912 Glacier Hill Park,Vanadzor,,Medicine
471,Sheilakathryn,Kidgell,24,skidgelld2@yelp.com,772-717-5576,84 School Street,Baharly,,Medicine
472,Rana,Brockley,18,rbrockleyd3@wufoo.com,662-332-3550,4069 Wayridge Circle,Bayt Ta‘mar,,Medicine
473,Igor,Murrison,24,imurrisond4@histats.com,222-475-7443,66469 Green Drive,Limoncito,,Engineering
474,Georgia,Danilevich,21,gdanilevichd5@eepurl.com,820-602-0751,0 Merchant Lane,San Javier,,Business
475,Aurie,Laffling,24,alafflingd6@51.la,172-740-3923,7 Bay Road,Pomiechówek,,Business
476,Hercules,Maycock,18,hmaycockd7@quantcast.com,809-398-5307,07949 Troy Avenue,Bojawa,,Medicine
477,Devland,Jackways,25,djackwaysd8@blogspot.com,109-326-6825,766 Village Lane,Mt Peto,,Arts
478,Nona,Farady,22,nfaradyd9@netlog.com,434-293-7185,23 Mcbride Center,Lutomiersk,,Medicine
479,Gerik,Varker,25,gvarkerda@deviantart.com,816-991-5921,80 Elmside Junction,Kotabaru,,Arts
480,Cari,Albasini,23,calbasinidb@usda.gov,282-520-2402,0156 Mitchell Junction,Mełgiew,,Business
481,Nana,Rogerson,20,nrogersondc@cbc.ca,127-213-1166,2264 Ramsey Place,Colquechaca,,Business
482,Burty,Wasbrough,19,bwasbroughdd@prnewswire.com,131-594-5881,98 Scofield Court,Fao Rai,,Arts
483,Palm,Paskerful,21,ppaskerfulde@mail.ru,926-418-4171,3 Shelley Terrace,Florianópolis,,Arts
484,Gretal,Di Dello,24,gdidellodf@gizmodo.com,256-473-1453,52088 Kennedy Street,Chimoio,,Engineering
485,Doria,Gert,20,dgertdg@youtu.be,498-772-2042,958 Hauk Avenue,Verkhniye Achaluki,,Arts
486,Elana,Prandini,23,eprandinidh@furl.net,472-124-7392,1 Orin Center,Xirikxiy,,Medicine
487,Garrott,Nesby,25,gnesbydi@smugmug.com,474-700-2957,00027 Menomonie Park,Cihaur,,Medicine
488,Mel,Alliot,19,malliotdj@cloudflare.com,990-318-5111,85326 Del Mar Court,Fengyuan,,Medicine
489,Ashien,Laydon,21,alaydondk@seattletimes.com,712-516-1927,26298 Melrose Plaza,Peñaflor,,Business
490,Farlie,Shetliff,19,fshetliffdl@over-blog.com,536-960-7730,973 Eggendart Way,Kōchi-shi,,Engineering
491,Waldo,Engelbrecht,19,wengelbrechtdm@addthis.com,773-703-9432,8190 Esker Court,Bel Air Rivière Sèche,,Medicine
492,Francesca,Kestle,21,fkestledn@google.nl,705-618-1898,69116 Pond Way,Sinjhoro,,Arts
493,Rickert,Cleveland,18,rclevelanddo@ft.com,177-873-6935,215 Browning Alley,Khōst,,Science
494,Kym,Tibalt,23,ktibaltdp@cam.ac.uk,532-607-7523,2954 Sycamore Park,San Marcos,,Engineering
495,Prudi,Schimonek,22,pschimonekdq@ning.com,107-792-8047,6 Becker Pass,Rivadavia,,Arts
496,Grove,Filipov,21,gfilipovdr@taobao.com,762-586-5731,04128 Morningstar Pass,Jendouba,,Engineering
497,Willetta,Izkoveski,21,wizkoveskids@instagram.com,265-430-2801,5 Mesta Point,Wa’eryi,,Business
498,Irita,Everson,19,ieversondt@unblog.fr,169-318-1781,296 Grasskamp Place,Malangabang,,Medicine
499,Had,Readshaw,21,hreadshawdu@bigcartel.com,283-640-8293,28 Onsgard Crossing,Kafr al Labad,,Business
500,Augustus,Nipper,19,anipperdv@xinhuanet.com,472-577-3032,06654 Pearson Plaza,Cao Thượng,,Engineering
